function	test	measure	main	n	value	lo	hi	requests	input_tokens	usd	median_s	p90_s
decide	yes/no questions	accuracy at 0.5	yes	228	0.689	0.626	0.745	228	67216	0.00282	0.214	0.271
decide	yes/no questions	TP FP TN FN at 0.3		228	98 88 36 6							
decide	yes/no questions	TP FP TN FN at 0.5		228	43 10 114 61							
decide	yes/no questions	TP FP TN FN at 0.7		228	17 1 123 87							
decide	yes/no questions	TP FP TN FN at 0.9		228	1 0 124 103							
choose	pick-one questions	accuracy	yes	1273	0.705	0.679	0.729	1273	467685	0.01964	0.215	0.270
choose	pick-one questions	coverage and accuracy at 0.3		1273	0.976 0.716							
choose	pick-one questions	coverage and accuracy at 0.5		1273	0.769 0.791							
choose	pick-one questions	coverage and accuracy at 0.7		1273	0.531 0.896							
choose	pick-one questions	coverage and accuracy at 0.9		1273	0.293 0.971							
tag	lead singers	exact-set match	yes	158	0.291	0.226	0.366	158	84897	0.00357	0.210	0.252
tag	lead singers	top pick right	yes	158	0.747	0.674	0.808					
tag	lead singers	top label right, single-lead songs		146	0.753	0.678	0.816					
tag	lead singers	john precision		92	0.587	0.485	0.682					
tag	lead singers	john recall		72	0.750	0.639	0.836					
tag	lead singers	paul precision		105	0.552	0.457	0.644					
tag	lead singers	paul recall		63	0.921	0.827	0.966					
tag	lead singers	george precision		31	0.484	0.320	0.652					
tag	lead singers	george recall		25	0.600	0.407	0.766					
tag	lead singers	ringo precision		40	0.200	0.105	0.348					
tag	lead singers	ringo recall		10	0.800	0.490	0.943					
score	popularity	Spearman with 2024 page views	yes	171	0.696	0.607	0.768	171	58856	0.00247	0.209	0.242
filter	lead singer or album	F1	yes	240	0.639	0.543	0.724	240	71341	0.00300	0.234	0.289
filter	lead singer or album	precision		83	0.566	0.459	0.668					
filter	lead singer or album	recall		64	0.734	0.615	0.827					
filter	singer	F1		120	0.587	0.444	0.716					
filter	album	F1		120	0.694	0.557	0.805					
rank	popularity	Spearman with 2024 page views	yes	171	0.638	0.537	0.721	171	49793	0.00209	0.209	0.247
rank	popularity	Kendall tau-b with 2024 page views		171	0.460	0.377	0.535					
rank	date	Spearman with release date	yes	182	0.805	0.745	0.852	182	55583	0.00233	0.213	0.251
rank	date	Kendall tau-b with release date		182	0.626	0.563	0.682					
find	album	exact match	yes	52	0.654	0.518	0.768	52	25954	0.00109	0.221	0.256
annotate	card	singer accuracy	yes	158	0.310	0.243	0.386	182	148039	0.00622	0.223	0.269
annotate	card	singer top pick right	yes	158	0.734	0.660	0.797					
annotate	card	singer top label right, single-lead songs		146	0.733	0.656	0.798					
annotate	card	album accuracy	yes	182	0.582	0.510	0.652					
annotate	card	year accuracy	yes	182	0.407	0.338	0.479					
recognize	names	song precision	yes	49	0.959	0.863	0.989	48	273108	0.01147	0.251	0.288
recognize	names	song recall	yes	48	0.979	0.891	0.996					
recognize	names	person precision	yes	48	1.000	0.926	1.000					
recognize	names	person recall	yes	48	1.000	0.926	1.000					
recognize	names	album precision	yes	47	1.000	0.924	1.000					
recognize	names	album recall	yes	48	0.979	0.891	0.996					
recognize	names	song overlap precision		49	1.000	0.927	1.000					
recognize	names	song overlap recall		48	1.000	0.926	1.000					
recognize	names	person overlap precision		48	1.000	0.926	1.000					
recognize	names	person overlap recall		48	1.000	0.926	1.000					
recognize	names	album overlap precision		47	1.000	0.924	1.000					
recognize	names	album overlap recall		48	0.979	0.891	0.996					
relate	song to singer and album	edge F1	yes	352	0.719	0.673	0.766	3	126858	0.00533	1.719	1.719
relate	song to singer and album	edge precision	yes	249	0.867	0.820	0.904					
relate	song to singer and album	edge recall	yes	352	0.614	0.562	0.663					
relate	song to singer and album	singer top pick right	yes	158	0.899	0.842	0.937					
relate	song to singer and album	album top pick right	yes	182	0.637	0.565	0.704					
relate	song to singer and album	duets: pick is a lead	yes	12	0.917	0.646	0.985					
