binding,function,local_median_ms,local_p10_ms,local_p90_ms,local_calls,pass_medians_ms,added_ms,live_calls_ms,live_http_ms
Ada,decide,2.26,1.82,2.99,200,2.79 2.16 2.72 1.87 2.18,0.52,135.5 140.5,
Ada,choose,2.68,1.98,3.33,200,3.07 2.64 3.19 2.18 2.47,0.96,145.4 140.4,142.5
Ada,tag,2.79,2.01,3.52,200,3.4 2.84 3.07 2.19 2.46,1.13,174.4 239.4,206.5
Ada,score,2.99,1.94,3.64,200,3.26 3.09 3.02 1.96 2.82,1.38,155.7 135.6,145
Ada,filter,2.96,2.2,4.15,200,3.44 2.98 2.94 2.29 3.4,1.18,132.0 158.6,144.5
Ada,rank,3.03,2.25,3.76,200,3.23 2.85 3.11 2.29 3.23,1.12,284.6 208.0,245
Ada,find,2.79,1.99,4.95,200,3.12 2.57 3.08 2.02 4.18,1.15,141.3 156.4,145
Ada,annotate,3.51,2.39,4.76,200,3.69 3.19 3.66 2.4 4.31,1.64,149.2 164.5,155
Ada,recognize,6.99,5.41,8.97,200,6.48 6.78 7.72 5.87 7.59,3.59,293.2 283.0,284
Ada,relate,3.32,2.41,5.99,200,3.04 2.98 2.95 5.24 3.42,1.69,202.4 157.3,179
C (debug library),decide,2.14,1.86,3.29,200,2.43 2.35 2.11 2.95 1.98,0.39,167.2 142.6,
C (debug library),choose,3.2,2.27,6.9,200,2.96 3.68 3.84 4.76 2.36,1.49,185.7 121.2,152.5
C (debug library),tag,3.09,2.14,6.02,200,3.47 4.83 2.23 4.96 2.56,1.43,133.1 129.1,130
C (debug library),score,2.72,2.03,5.17,200,2.48 4.83 2.2 3.08 3.07,1.11,123.9 128.0,125.5
C (debug library),filter,3.3,2.28,6.39,200,2.91 5.51 2.45 3.37 3.93,1.52,278.5 310.4,294
C (debug library),rank,3.41,2.4,7.44,200,3.18 5.89 2.72 3.52 3.2,1.51,178.9 116.3,147
C (debug library),find,2.85,2.23,4.63,200,3.11 4.11 2.42 2.8 2.81,1.21,117.1 119.0,117
C (debug library),annotate,3.24,2.59,7.25,200,3.58 7.22 2.66 3.14 3.14,1.37,187.5 114.4,150
C (debug library),recognize,7.02,5.36,11.09,200,8.06 8.92 5.94 6.03 6.9,3.62,290.3 277.4,281.5
C (debug library),relate,2.81,2.2,3.61,200,3.09 3.51 2.61 2.74 2.65,1.17,114.4 122.5,117
C (release library),decide,1.56,0.87,2.45,200,1.85 1.8 1.46 1.51 1.53,-0.19,,
C (release library),choose,1.63,1.38,3.15,200,1.88 1.98 1.57 1.53 1.65,-0.09,,
C (release library),tag,1.69,0.9,3.4,200,1.73 1.92 2.91 1.58 1.58,0.04,,
C (release library),score,1.59,0.71,2.62,200,1.69 1.81 1.49 1.44 1.7,-0.02,,
C (release library),filter,1.69,0.97,2.33,200,1.87 2.01 1.54 1.57 1.83,-0.09,,
C (release library),rank,1.78,1.14,2.54,200,1.86 2.05 1.54 1.61 1.91,-0.13,,
C (release library),find,1.56,0.95,2.37,200,1.61 1.9 1.49 1.5 1.75,-0.08,,
C (release library),annotate,1.77,1.28,2.1,200,1.82 1.97 1.69 1.74 1.79,-0.1,,
C (release library),recognize,3.48,2.46,5.13,200,3.48 3.5 3.61 3.54 2.91,0.08,,
C (release library),relate,1.67,0.77,2.25,200,1.85 1.75 1.49 1.66 1.45,0.04,,
Command (debug),decide,18.91,15.27,30.78,200,17.3 29.94 18.38 20.94 17.51,17.17,257.5 176.1,
Command (debug),choose,19.13,15.1,28.5,200,24.66 16.56 18.72 24.26 17.49,17.41,196.0 351.9,
Command (debug),tag,19.09,14.83,27.09,200,25.56 15.75 17.85 24.26 17.8,17.43,219.4 276.5,
Command (debug),score,18.85,14.16,28.86,200,24.64 16.95 18.11 23.91 15.15,17.25,218.8 227.0,
Command (debug),filter,18.71,14.38,28.55,200,24.9 16.95 17.66 23.82 15.4,16.93,401.7 264.5,
Command (debug),rank,18.89,14.21,29.3,200,26.4 17.11 18.18 23.09 15.39,16.98,251.6 205.9,
Command (debug),find,19.18,15.01,29.1,200,24.61 16.38 18.75 21.92 15.41,17.54,209.3 162.6,
Command (debug),annotate,21.6,15.79,40.31,200,25.96 16.81 39.84 21.67 17.6,19.73,179.9 218.9,
Command (debug),recognize,35.12,23.76,54.98,200,51.7 25.41 42.84 35.68 25.02,31.72,379.5 319.4,
Command (debug),relate,20.85,15.57,32.69,200,24.99 16.24 28.01 21.72 19.29,19.22,236.4 209.7,
Command (release),decide,17.57,11.65,26.49,200,22.24 13.02 21.57 18.31 12.47,15.82,,
Command (release),choose,17.4,12.11,28.77,200,21.89 13.84 23.23 17.7 13.27,15.68,,
Command (release),tag,15.29,11.81,23.88,200,20.81 16.03 14.23 13.63 13.8,13.64,,
Command (release),score,16.16,11.71,21.2,200,18.11 17.6 17.52 14.79 12.29,14.55,,
Command (release),filter,16.26,12.07,20.24,200,17.98 17.64 17.88 12.78 14.43,14.48,,
Command (release),rank,16.26,12.2,21.91,200,17.96 15.84 18.02 12.47 14.31,14.36,,
Command (release),find,14.12,11.43,19.79,200,16.34 13.99 15.37 12.37 12.18,12.49,,
Command (release),annotate,16.57,11.98,22.96,200,18.05 16.76 21.54 13.85 14.27,14.71,,
Command (release),recognize,30.73,20.69,40.68,200,33.58 28.7 37.05 30.51 26.82,27.33,,
Command (release),relate,16.14,11.66,22.41,200,16.81 15.14 18.91 17.18 14.65,14.51,,
COBOL,decide,2.32,1.83,3.12,200,2.14 1.92 2.81 2.81 2.55,0.57,122.5 121.8,
COBOL,choose,2.78,2.07,3.56,200,2.76 2.11 3.12 3.24 2.94,1.06,114.4 120.8,117
COBOL,tag,2.82,2.06,3.39,200,2.24 2.57 3.24 2.44 3.02,1.16,124.3 125.2,124
COBOL,score,2.88,2.12,3.48,200,2.39 2.71 3.2 3.18 2.79,1.27,137.1 122.0,128.5
COBOL,filter,3.02,2.5,3.92,200,2.78 2.73 3.26 3.34 2.92,1.24,122.9 141.5,131.5
COBOL,rank,2.59,2.04,3.5,200,2.23 2.2 3.41 2.53 2.77,0.68,153.8 140.0,146
COBOL,find,2.46,2.03,3.47,200,2.31 2.62 3.37 2.37 2.44,0.82,147.1 142.7,143.5
COBOL,annotate,3.05,2.44,4.06,200,3.07 3.34 3.85 2.51 2.96,1.18,135.9 147.1,140
COBOL,recognize,6.33,4.75,7.88,200,6.8 6.22 7.24 4.76 6.36,2.93,252.3 316.4,282
COBOL,relate,2.6,2.03,3.49,200,3.09 2.39 3.19 2.14 2.15,0.97,133.1 145.3,138
C++,decide,2.61,1.81,3.24,200,2.21 2.69 2.91 2.62 2.8,0.86,170.7 146.0,
C++,choose,3.07,2.32,3.95,200,2.66 2.9 3.14 3.26 3.58,1.35,126.4 140.9,133
C++,tag,3.01,2.35,4.45,200,2.93 3.0 2.86 3.59 2.97,1.35,154.2 180.7,166.5
C++,score,2.61,2.08,3.8,200,2.33 2.75 2.87 3.59 2.34,1.01,149.3 138.6,143
C++,filter,2.97,2.44,5.45,200,3.03 2.87 2.89 3.58 3.02,1.19,158.7 135.9,146.5
C++,rank,3.04,2.33,4.54,200,2.66 2.88 3.46 3.59 3.14,1.13,135.7 143.9,138.5
C++,find,2.79,2.19,3.88,200,2.48 2.92 3.32 3.37 2.63,1.15,149.0 270.5,209
C++,annotate,3.4,2.76,4.3,200,3.29 3.23 3.69 3.97 3.34,1.54,140.3 145.8,141
C++,recognize,6.8,5.35,8.17,200,5.59 6.75 7.11 7.35 6.81,3.41,318.7 294.8,304.5
C++,relate,2.82,2.34,3.22,200,2.92 2.72 2.84 2.87 2.66,1.19,120.3 128.8,123.5
C#,decide,2.37,1.84,3.33,200,3.13 2.33 2.05 2.45 2.23,0.62,122.9 174.0,
C#,choose,2.9,2.07,5.28,200,5.27 2.55 2.3 3.01 3.39,1.19,131.2 150.0,139
C#,tag,3.08,2.14,5.34,200,3.78 3.11 2.29 2.89 3.66,1.42,150.9 129.0,139
C#,score,2.97,2.17,4.42,200,3.35 3.03 2.35 2.8 3.38,1.36,136.0 130.5,132
C#,filter,3.15,2.04,5.35,200,3.79 3.07 2.15 3.19 3.58,1.36,146.5 139.2,141.5
C#,rank,3.12,2.31,4.27,200,3.18 3.14 2.54 3.17 3.21,1.21,126.3 152.9,137.5
C#,find,2.87,2.29,4.22,200,2.92 3.25 2.55 2.88 2.57,1.23,154.4 162.8,158
C#,annotate,3.37,2.6,6.1,200,4.61 3.33 2.68 3.71 3.26,1.5,130.9 137.4,133
C#,recognize,7.21,5.46,11.03,200,8.53 7.16 5.68 8.11 6.95,3.81,307.1 274.4,286.5
C#,relate,3.14,2.08,6.02,200,3.19 2.97 2.36 3.17 5.92,1.5,134.2 121.2,127
Dart,decide,3.0,1.98,4.24,200,3.3 3.01 2.01 3.12 3.14,1.25,135.2 110.1,
Dart,choose,3.19,2.38,4.33,200,3.71 2.96 2.58 3.5 3.1,1.47,122.9 116.1,117.5
Dart,tag,2.97,2.42,4.62,200,3.59 2.86 2.58 3.72 2.9,1.31,124.9 145.2,134
Dart,score,3.08,2.4,4.59,200,3.52 3.18 2.59 3.94 2.81,1.48,121.1 125.0,122
Dart,filter,3.13,2.09,5.48,200,4.43 3.13 2.37 3.96 2.35,1.35,116.9 117.6,116.5
Dart,rank,3.1,2.4,3.77,200,3.51 3.23 2.58 3.29 2.59,1.2,121.2 184.8,152
Dart,find,2.73,2.08,4.01,200,3.66 2.71 2.27 3.06 2.4,1.1,115.9 126.6,120.5
Dart,annotate,3.19,2.47,3.98,200,3.58 3.44 3.13 3.18 2.75,1.32,135.9 146.7,140.5
Dart,recognize,6.47,5.11,7.97,200,7.14 6.42 6.15 7.07 5.54,3.07,250.3 287.8,266.5
Dart,relate,2.74,2.16,5.81,200,5.75 3.02 2.56 2.74 2.44,1.11,149.9 107.2,127.5
DuckDB,decide,2.88,2.09,5.83,200,4.65 2.78 2.81 3.41 2.45,1.13,131.1 138.8,
DuckDB,choose,3.48,2.34,7.19,200,6.25 2.84 3.03 3.92 3.24,1.76,132.1 136.2,
DuckDB,tag,3.43,2.06,9.86,200,4.93 2.8 2.09 3.33 9.09,1.77,121.0 132.7,
DuckDB,score,3.05,2.19,5.36,200,4.64 2.52 2.54 3.02 3.87,1.45,130.3 132.0,
DuckDB,filter,2.65,2.09,5.52,200,4.74 2.38 2.31 3.0 2.5,0.86,156.6 115.5,
DuckDB,rank,4.14,2.33,10.82,200,6.21 2.61 2.5 4.01 10.07,2.23,138.7 149.6,
DuckDB,find,3.51,2.24,6.48,200,4.91 2.45 2.57 3.33 5.96,1.87,170.4 150.3,
DuckDB,annotate,3.15,2.18,5.33,200,4.18 2.39 2.47 3.72 3.55,1.28,143.4 180.8,
DuckDB,recognize,4.82,3.84,9.87,200,8.74 4.26 4.51 5.51 4.77,1.43,244.3 309.0,
DuckDB,relate,6.87,5.02,19.1,200,19.08 6.24 5.81 7.64 5.77,5.24,155.4 129.6,
Go,decide,2.7,2.0,4.6,200,2.84 2.66 2.44 2.71 2.93,0.96,115.9 147.1,
Go,choose,3.12,2.17,6.1,200,4.14 3.08 2.97 2.3 4.78,1.4,148.5 161.4,152
Go,tag,3.6,2.52,7.52,200,3.1 3.16 3.42 7.05 3.74,1.94,117.2 148.8,132
Go,score,3.53,2.41,7.65,200,2.77 3.78 3.19 7.12 3.89,1.93,125.3 124.2,124.5
Go,filter,3.44,2.57,6.58,200,3.31 4.18 2.7 3.08 5.7,1.66,146.3 134.3,139
Go,rank,2.91,2.36,5.47,200,2.94 4.41 2.38 2.85 3.79,1.01,126.7 132.9,128.5
Go,find,3.02,2.1,4.79,200,3.21 3.99 2.48 2.32 3.72,1.38,134.9 121.5,127
Go,annotate,3.59,2.34,6.39,200,3.64 5.84 2.66 2.5 4.38,1.72,125.9 118.4,121
Go,recognize,6.19,4.87,10.2,200,7.16 9.32 5.18 5.2 6.45,2.79,271.4 263.0,265.5
Go,relate,2.49,1.96,3.81,200,3.17 3.36 1.98 2.23 2.47,0.85,123.1 137.9,129.5
Java,decide,2.55,2.03,4.48,200,4.38 2.86 2.49 2.17 2.23,0.8,138.4 180.9,
Java,choose,2.59,2.14,3.89,200,3.72 2.84 2.54 2.39 2.25,0.87,168.4 139.7,151
Java,tag,2.6,2.19,4.62,200,4.42 3.33 2.52 2.4 2.42,0.94,223.8 145.7,183
Java,score,2.74,2.05,4.21,200,4.03 2.94 2.72 2.06 2.5,1.14,149.8 142.7,144.5
Java,filter,2.66,2.3,6.02,200,5.99 2.67 2.46 2.58 2.6,0.88,160.7 153.2,155.5
Java,rank,2.8,2.21,6.41,200,4.45 3.9 2.51 2.45 2.34,0.9,117.1 119.5,117
Java,find,2.93,2.38,5.96,200,5.07 3.84 2.54 2.68 2.94,1.29,169.6 127.8,146.5
Java,annotate,3.0,2.36,5.83,200,5.03 3.27 2.45 2.66 3.1,1.13,135.9 165.5,149
Java,recognize,6.01,4.83,9.2,200,8.67 7.27 4.95 5.09 6.04,2.62,307.0 273.8,286.5
Java,relate,2.85,1.97,4.63,200,4.04 3.69 2.04 2.29 2.98,1.22,126.0 150.9,137
Kotlin,decide,2.81,2.21,4.2,200,3.42 3.67 2.51 2.61 2.33,1.06,182.8 126.1,
Kotlin,choose,2.79,2.22,4.04,200,3.71 3.2 2.53 2.85 2.33,1.08,115.5 158.5,134
Kotlin,tag,2.9,2.36,5.38,200,4.47 3.34 2.6 2.8 2.81,1.25,130.3 113.1,120.5
Kotlin,score,3.03,2.23,4.53,200,4.04 3.18 2.72 3.18 2.36,1.43,108.9 189.5,147.5
Kotlin,filter,3.36,2.48,5.87,200,4.03 3.68 2.96 3.17 2.96,1.58,137.2 146.0,140
Kotlin,rank,3.19,2.38,5.15,200,4.04 4.07 2.62 3.33 2.42,1.28,189.9 113.2,150
Kotlin,find,2.86,2.18,4.77,200,3.51 3.12 2.52 3.71 2.48,1.22,126.3 125.4,123.5
Kotlin,annotate,3.55,2.38,6.81,200,5.16 4.22 2.87 3.65 2.48,1.69,142.7 152.7,145
Kotlin,recognize,7.24,4.92,11.25,200,7.85 8.29 6.48 7.09 4.93,3.84,279.8 266.3,267.5
Kotlin,relate,2.91,1.95,4.89,200,3.89 3.39 2.89 3.06 1.96,1.28,166.3 127.3,145.5
Objective-C,decide,2.33,1.8,3.03,200,2.41 2.16 2.96 2.04 2.44,0.58,169.9 115.9,
Objective-C,choose,2.89,2.07,3.68,200,2.53 2.94 3.08 3.06 3.0,1.18,114.3 135.7,124
Objective-C,tag,2.78,2.17,3.68,200,2.28 3.05 2.81 2.97 2.74,1.12,126.5 121.4,123.5
Objective-C,score,2.51,1.98,3.34,200,2.12 2.61 2.71 2.79 2.53,0.9,138.0 134.7,135.5
Objective-C,filter,2.74,2.31,3.92,200,2.54 2.7 3.42 3.44 2.65,0.95,139.1 122.4,129
Objective-C,rank,2.96,2.4,4.0,200,2.9 3.5 2.9 2.86 2.87,1.06,150.3 191.0,169.5
Objective-C,find,2.8,2.2,3.63,200,2.66 3.19 2.94 3.32 2.5,1.17,122.5 148.6,135
Objective-C,annotate,3.68,2.92,4.69,200,3.39 4.04 3.79 3.93 3.63,1.81,120.9 158.2,138.5
Objective-C,recognize,7.22,5.56,9.01,200,6.35 7.87 7.5 7.43 6.32,3.83,255.5 270.2,260
Objective-C,relate,2.91,2.31,3.75,200,2.73 3.03 3.43 3.09 2.8,1.27,134.6 115.6,124.5
pandas,decide,4.42,3.32,6.27,200,3.69 5.76 3.74 4.39 5.02,2.67,128.5 129.2,
pandas,choose,4.77,3.47,7.71,200,4.43 6.55 3.53 4.61 5.39,3.05,160.0 179.6,
pandas,tag,4.48,3.55,6.64,200,4.2 6.01 4.58 3.99 4.51,2.83,141.7 139.1,
pandas,score,4.72,3.49,8.31,200,3.8 5.42 6.59 4.34 4.77,3.11,123.9 162.3,
pandas,annotate,8.56,5.98,18.62,200,7.06 9.08 17.12 6.6 10.05,6.69,130.3 135.9,
pandas,recognize,7.23,5.95,10.8,200,6.22 8.33 7.56 7.1 7.95,3.83,323.4 293.0,
PHP,decide,2.12,1.84,3.28,200,2.84 2.2 2.04 1.93 2.02,0.37,169.8 157.9,
PHP,choose,2.4,1.94,3.51,200,3.29 2.84 2.05 2.07 2.31,0.68,167.3 169.2,162.5
PHP,tag,2.64,2.02,3.74,200,3.51 2.78 2.73 2.06 2.49,0.98,148.3 152.9,149.5
PHP,score,2.61,1.92,3.96,200,3.52 3.11 2.03 2.14 2.66,1.01,150.9 159.6,153
PHP,filter,2.58,2.04,6.31,200,6.09 3.05 2.12 2.14 2.61,0.8,178.4 179.5,177.5
PHP,rank,2.48,2.01,4.02,200,3.78 2.36 2.26 2.23 2.63,0.57,166.6 150.3,156.5
PHP,find,2.38,1.91,3.51,200,3.38 2.48 2.36 1.99 2.33,0.74,182.0 146.6,163
PHP,annotate,2.94,2.17,4.17,200,3.45 3.67 2.67 2.2 2.71,1.07,140.7 184.0,160.5
PHP,recognize,5.65,4.76,9.08,200,8.69 6.43 5.26 4.89 5.26,2.26,279.4 303.1,287
PHP,relate,2.26,1.93,3.98,200,3.92 2.45 2.1 1.99 2.26,0.63,247.4 217.4,231.5
Polars,decide,2.4,2.01,5.62,200,2.17 3.04 2.24 2.58 2.55,0.65,146.9 128.8,
Polars,choose,2.76,2.05,9.63,200,2.28 3.24 9.25 2.52 2.68,1.04,109.4 130.7,
Polars,tag,2.66,1.97,8.15,200,2.24 3.03 7.96 2.61 2.63,1.0,111.4 158.4,
Polars,score,2.62,1.87,8.11,200,2.01 3.29 7.94 2.39 2.69,1.02,130.6 114.5,
Polars,annotate,3.23,2.59,7.84,200,2.83 3.91 6.25 3.14 3.17,1.36,116.6 137.5,
Polars,recognize,5.0,3.93,7.4,200,4.84 5.53 5.52 4.74 5.03,1.6,251.2 332.4,
PostgreSQL,decide,1.75,1.17,2.92,200,2.35 1.71 1.63 1.7 1.78,0.01,131.9 112.6,
PostgreSQL,choose,1.83,1.59,2.59,200,2.41 1.72 1.77 1.91 1.84,0.11,132.6 103.1,
PostgreSQL,tag,1.73,1.56,3.64,200,3.55 1.62 1.74 1.76 1.72,0.07,128.3 128.4,
PostgreSQL,score,1.77,1.48,3.76,200,3.08 1.57 1.77 1.77 1.73,0.16,140.2 123.8,
PostgreSQL,filter,3.62,2.13,6.44,200,4.57 3.22 3.46 3.59 4.28,1.83,275.9 284.4,
PostgreSQL,rank,2.13,1.79,4.47,200,3.66 1.82 2.36 1.94 2.08,0.23,119.5 122.1,
PostgreSQL,find,1.92,1.63,2.8,200,2.31 1.81 2.09 1.96 1.77,0.28,126.3 131.3,
PostgreSQL,annotate,2.17,1.75,3.07,200,2.93 1.83 2.16 2.14 2.36,0.31,100.4 111.0,
PostgreSQL,recognize,3.46,2.61,4.04,200,3.54 3.34 3.67 3.46 3.29,0.06,267.7 247.9,
PostgreSQL,relate,2.09,1.75,3.01,200,2.85 1.91 2.32 2.13 1.8,0.46,131.1 134.6,
Python,decide,1.8,1.01,2.51,200,1.92 1.97 1.66 1.77 1.85,0.06,144.5 141.6,
Python,choose,1.86,1.52,3.15,200,1.88 1.92 1.73 1.76 2.16,0.15,183.4 149.2,
Python,tag,1.82,1.08,3.22,200,1.84 1.7 1.95 1.6 2.06,0.16,147.7 112.1,
Python,score,1.78,0.82,2.32,200,1.92 1.84 1.61 1.77 2.12,0.18,155.9 122.8,
Python,filter,2.01,1.67,4.45,200,2.09 2.13 1.83 1.9 3.81,0.23,134.2 134.3,
Python,rank,1.94,1.16,3.69,200,1.99 2.34 1.89 1.83 2.47,0.03,176.8 109.0,
Python,find,1.88,0.89,4.8,200,1.86 1.01 3.54 1.83 2.48,0.25,132.9 133.1,
Python,annotate,2.08,1.36,4.0,200,1.93 1.62 2.05 2.12 2.84,0.22,160.7 145.3,
Python,recognize,3.82,2.3,6.56,200,3.94 3.42 3.69 4.82 4.86,0.43,279.8 304.9,
Python,relate,1.92,1.11,2.81,200,1.92 2.23 1.72 2.22 2.21,0.29,117.5 133.9,
R,decide,2.72,1.88,4.53,200,2.72 2.99 2.56 2.14 3.05,0.97,124.5 119.0,
R,choose,2.51,1.79,4.0,200,2.14 2.65 2.67 2.01 3.03,0.79,163.7 148.9,
R,tag,2.44,1.81,3.88,200,2.44 2.23 2.77 2.19 3.29,0.78,182.7 199.1,
R,score,2.43,1.83,3.8,200,2.01 2.62 2.5 2.02 2.94,0.83,123.3 119.9,
R,filter,2.68,2.04,4.05,200,2.58 2.96 2.81 2.21 2.98,0.9,138.9 148.0,
R,rank,2.85,2.06,4.03,200,2.58 3.08 3.27 2.48 3.05,0.94,125.4 145.0,
R,find,2.15,0.96,3.67,200,2.13 2.15 3.29 1.76 2.3,0.51,136.3 118.7,
R,annotate,2.8,1.97,4.21,200,2.53 2.84 3.2 2.33 3.11,0.93,165.9 143.9,
R,recognize,6.38,4.84,9.06,200,6.16 6.79 7.48 5.1 7.17,2.99,309.9 253.6,
R,relate,3.9,2.78,6.38,200,3.73 3.74 4.35 3.1 4.78,2.27,121.2 138.8,
Ruby,decide,1.74,0.96,5.22,200,1.69 1.67 4.92 1.7 1.44,-0.01,136.7 144.5,
Ruby,choose,1.89,1.14,3.92,200,1.79 1.81 3.69 1.92 1.68,0.18,149.4 145.5,
Ruby,tag,1.83,0.98,2.89,200,1.56 2.0 2.08 1.73 1.64,0.17,169.3 118.2,
Ruby,score,1.64,1.44,2.33,200,1.54 1.94 1.62 1.54 2.15,0.03,159.2 139.0,
Ruby,filter,1.84,1.56,2.51,200,1.85 2.0 1.74 1.64 2.21,0.06,143.6 176.3,
Ruby,rank,2.04,1.58,6.46,200,1.85 2.03 6.43 1.62 2.16,0.13,117.2 125.3,
Ruby,find,1.9,1.6,5.26,200,1.8 1.91 5.13 1.71 1.94,0.27,224.3 115.8,
Ruby,annotate,2.09,1.56,4.18,200,1.99 2.2 3.72 1.88 2.31,0.22,130.7 130.3,
Ruby,recognize,3.76,3.14,5.64,200,3.72 3.87 4.01 3.37 4.8,0.37,282.6 252.7,
Ruby,relate,1.76,1.31,2.57,200,1.96 2.03 1.58 1.66 2.22,0.13,147.6 147.6,
Rust (the core),decide,1.75,0.8,3.86,200,2.35 1.88 2.17 1.39 1.46,0.0,173.8 119.5,147
Rust (the core),choose,1.72,0.79,2.96,200,1.8 2.06 1.64 0.91 1.55,0.0,133.8 119.5,127
Rust (the core),tag,1.66,1.18,4.4,200,1.71 3.8 1.57 2.19 1.53,0.0,117.4 160.5,139
Rust (the core),score,1.6,0.99,4.48,200,1.63 3.98 1.54 1.96 1.51,0.0,133.3 112.9,123
Rust (the core),filter,1.78,1.09,3.55,200,1.88 2.49 1.72 2.06 1.59,0.0,103.2 108.9,105.5
Rust (the core),rank,1.91,1.56,4.85,200,1.97 4.74 1.59 2.0 1.63,0.0,116.7 120.6,119
Rust (the core),find,1.64,1.27,2.81,200,1.75 2.29 1.52 1.67 1.54,0.0,148.8 117.8,133.5
Rust (the core),annotate,1.87,1.03,4.05,200,1.87 2.67 2.77 1.08 1.8,0.0,124.9 117.7,121.5
Rust (the core),recognize,3.39,2.15,4.86,200,3.55 4.66 3.37 2.96 3.07,0.0,227.6 292.1,260
Rust (the core),relate,1.63,0.88,2.3,200,1.74 2.06 1.52 1.88 1.53,0.0,178.9 177.3,178
Scala,decide,3.36,2.19,5.45,200,4.46 3.96 2.56 3.77 2.29,1.61,115.0 158.0,
Scala,choose,3.2,2.13,4.53,200,3.85 3.79 2.7 3.67 2.33,1.48,133.4 123.7,126
Scala,tag,3.35,2.22,4.98,200,4.05 4.06 2.72 3.76 2.25,1.69,157.4 169.9,162
Scala,score,3.53,2.31,6.45,200,4.29 4.09 3.15 3.66 2.37,1.93,113.6 119.2,115
Scala,filter,3.63,2.75,7.04,200,5.08 4.31 3.16 3.98 2.85,1.85,116.2 146.4,127
Scala,rank,3.26,2.42,6.25,200,5.36 4.06 2.66 3.56 2.54,1.36,147.0 115.4,130
Scala,find,3.07,2.21,4.89,200,3.91 3.68 2.42 3.47 2.6,1.43,137.4 121.8,127.5
Scala,annotate,3.79,2.77,6.62,200,6.08 4.13 3.29 4.06 2.82,1.92,156.9 117.5,135.5
Scala,recognize,7.64,5.66,11.85,200,9.08 7.42 6.41 8.44 6.5,4.25,249.7 270.1,256
Scala,relate,3.35,2.21,5.63,200,3.54 3.85 2.38 3.27 3.55,1.72,116.7 148.1,131.5
SQLite,decide,1.63,0.7,2.62,200,2.08 1.46 1.63 1.68 1.6,-0.12,158.4 149.8,
SQLite,choose,1.59,1.43,2.32,200,2.13 1.54 1.51 1.67 1.53,-0.12,132.6 144.3,
SQLite,tag,1.63,0.81,2.03,200,1.92 1.48 1.64 1.69 1.64,-0.03,168.9 143.0,
SQLite,score,1.58,1.39,2.7,200,2.21 1.54 1.51 1.64 1.49,-0.02,124.1 131.0,
SQLite,filter,3.04,2.31,3.62,200,3.2 3.06 2.93 3.44 2.9,1.26,266.2 257.5,
SQLite,rank,1.78,1.6,2.76,200,1.99 1.69 1.71 2.19 1.7,-0.13,108.1 118.3,
SQLite,find,1.53,1.18,2.05,200,1.92 1.53 1.44 1.67 1.48,-0.11,123.1 139.0,
SQLite,annotate,1.71,1.46,3.41,200,2.14 1.71 1.56 1.94 1.63,-0.15,116.8 124.5,
SQLite,recognize,3.38,2.84,5.21,200,4.57 3.56 3.14 3.5 3.18,-0.02,302.5 274.1,
SQLite,relate,1.67,1.41,2.1,200,1.87 1.73 1.48 1.73 1.56,0.04,129.6 147.5,
Swift,decide,2.12,1.8,2.99,200,2.12 2.73 2.06 1.98 2.18,0.37,140.2 145.0,
Swift,choose,2.52,1.93,3.27,200,2.62 3.12 2.74 1.95 2.02,0.8,129.5 149.4,138.5
Swift,tag,2.38,2.0,3.46,200,3.09 2.75 2.28 2.08 2.35,0.72,131.3 135.6,132.5
Swift,score,2.19,1.95,3.61,200,3.23 2.99 2.18 1.98 2.07,0.58,152.5 150.4,151
Swift,filter,2.33,2.02,4.96,200,3.74 3.43 2.09 2.12 2.62,0.55,152.3 142.6,146.5
Swift,rank,2.68,1.98,5.04,200,2.81 3.3 2.01 2.4 3.67,0.77,146.2 177.1,160
Swift,find,2.39,1.85,3.34,200,2.57 3.22 1.9 1.89 2.93,0.76,155.8 152.5,153.5
Swift,annotate,2.86,2.12,3.9,200,3.48 3.2 2.13 2.41 2.88,0.99,132.9 170.4,150.5
Swift,recognize,6.03,4.85,8.13,200,6.4 6.78 5.1 4.99 7.48,2.64,288.3 402.1,342.5
Swift,relate,2.5,2.03,3.97,200,3.51 2.88 2.13 2.18 2.79,0.87,132.6 151.4,141.5
TypeScript,decide,1.71,0.88,2.68,200,1.63 2.11 1.51 1.75 2.23,-0.04,117.5 134.7,
TypeScript,choose,1.9,1.13,2.35,200,1.81 2.11 1.7 1.93 2.09,0.18,147.1 145.9,
TypeScript,tag,1.92,1.01,2.6,200,1.81 2.11 1.55 1.91 2.21,0.26,124.9 114.9,
TypeScript,score,1.81,0.8,2.39,200,1.64 1.95 1.51 1.92 2.1,0.21,142.5 151.5,
TypeScript,filter,1.89,1.32,2.52,200,1.71 2.12 1.79 1.97 2.16,0.11,141.2 129.0,
TypeScript,rank,1.93,1.55,2.95,200,1.88 2.27 1.62 1.96 2.45,0.02,114.7 149.0,
TypeScript,find,1.82,1.06,3.31,200,1.77 2.17 1.65 1.71 2.53,0.18,124.7 146.4,
TypeScript,annotate,2.03,1.38,2.96,200,2.06 2.09 1.68 2.33 2.3,0.16,143.5 155.6,
TypeScript,recognize,3.63,2.48,4.56,200,3.53 3.82 3.55 3.73 3.66,0.24,270.7 259.8,
TypeScript,relate,1.99,1.11,3.59,200,1.82 2.18 1.96 2.13 2.44,0.36,134.9 132.2,
Zig,decide,2.2,1.8,2.91,200,2.57 2.75 2.27 1.9 2.01,0.45,141.7 141.5,
Zig,choose,2.5,2.04,4.21,200,2.64 4.1 2.45 2.21 2.15,0.78,161.7 253.0,206.5
Zig,tag,2.43,2.02,4.18,200,2.8 3.99 2.21 2.09 2.39,0.77,142.4 188.3,164.5
Zig,score,2.38,1.96,3.31,200,3.06 3.11 2.13 2.11 2.28,0.78,145.9 141.1,142.5
Zig,filter,2.4,1.99,3.31,200,2.51 3.26 2.61 2.03 2.11,0.62,148.7 137.3,140
Zig,rank,2.35,1.98,3.63,200,2.47 3.53 2.14 2.29 2.21,0.45,141.1 125.6,132.5
Zig,find,2.21,1.89,3.2,200,2.59 3.2 2.17 1.96 2.03,0.58,168.5 121.6,144
Zig,annotate,2.91,2.26,3.89,200,3.31 3.6 2.85 2.33 2.54,1.04,119.6 196.9,154.5
Zig,recognize,5.74,4.69,8.3,200,5.68 8.21 6.22 4.93 5.17,2.35,234.3 282.5,255
Zig,relate,2.49,2.01,3.29,200,2.73 3.22 2.6 2.14 2.21,0.86,119.3 154.1,135.5
